NoRaw	D1	D2	Ru_PP	Br_PP	Uk_PP	Pl_PP	Cz_PP	Sk_PP	Sl_PP	Cr_PP	Sr_PP	Mk_PP	Bg_PP
5	-0.441760432978965	-0.0612845153501537	от	ад	від	z	INS	od	od	od	od	од	от
6	-0.441420088188391	-0.0614617356868682	от	ад	від	z	INS	od	od	od	od	од	от
8	-0.377772764364361	0.256938714453527	от	ад	з	z	z	z	od	od	od	од	от
9	-0.445457278643799	-0.0446359655909779	от	ад	від	z	NA	NA	od	NA	od	од	NA
11	0.250117435041766	-0.0920802174726974	от	ад	від	NA	nad	nad	vpričo	zbog	zbog	поради	от
12	-0.441583000035383	-0.0613738623070661	от	ад	від	z	INS	od	od	od	od	од	от
15	-0.371343889225373	0.0232312662475136	от	ад	від	z	NA	NA	v	od	od	од	от
16	-0.431096626938476	-0.0789306758678932	от	ад	від	z	INS	od	NA	od	od	NA	от
17	-0.550335574285042	0.0586195010386803	от	ад	від	z	v	v	od	od	od	од	от
18	-0.446365711794248	-0.0537811226887778	от	NA	від	z	INS	od	od	od	od	од	от
19	-0.457763969897746	-0.0624417191319793	от	ад	від	z	NA	od	od	od	od	NA	от
20	-0.415155678269817	-0.0757733035310275	от	ад	NA	NA	INS	od	NA	NA	od	од	от
21	-0.335107670475442	0.185256154069217	от	ад	NA	z	z	z	NA	od	od	од	от
22	-0.461661902941097	-0.10165027827569	от	ад	від	NA	NA	od	od	od	od	од	NA
23	-0.578006329634986	0.147090509817111	от	ў	з	NA	NA	od	od	od	od	од	NA
24	-0.509491631782454	-0.13167063849337	от	NA	від	INS	NA	od	od	od	od	од	от
25	-0.443302904895087	-0.098814123473127	от	ад	від	NA	INS	od	od	od	od	од	от
26	-0.367863095353106	-0.254065726023059	от	ад	від	od	NA	NA	v	od	od	од	от
28	-0.0876266382058081	0.81302444315476	из	дзелйа	з	przez	z	z	iz	iz	radi	од	от
30	-0.419781666424855	-0.0361852473086593	от	ад	від	z	NA	od	NA	od	od	од	от
32	-0.444739946551344	-0.076382141262742	от	ад	від	NA	NA	od	od	od	NA	од	от
33	-0.418981670410537	0.175772556216683	от	ад	з	z	z	od	od	od	od	од	от
34	0.876633947351281	0.514415996963961	из-за	з-за	через	przez	ve_jménu	NA	NA	zbog	zbog	поради	в_името_на
35	-0.567084679889764	0.00740907105205065	от	ад	від	na_skutek	NA	z	od	od	od	од	от
36	-0.463152891521857	0.0848881088106527	от	NA	з	z	INS	od	od	od	od	од	от
37	-0.436518659713999	-0.0708973974195029	от	ад	від	NA	NA	NA	od	od	NA	од	от
38	0.271126233919064	0.604554553857757	по	з-за	з	przez	z	z	v	zbog	zbog	од	от
39	-0.455081546032081	-0.0817882739773782	от	ад	від	z	INS	od	od	od	od	NA	от
40	-0.356807730615255	-0.136972236184341	от	ад	від	NA	NA	NA	v	od	od	од	от
41	-0.441722109733769	-0.0614593000361825	от	ад	від	z	INS	od	od	od	od	од	от
42	-0.35604486147548	-0.0801480345394138	от	ад	від	z	INS	od	v	od	od	од	от
43	-0.441688027964011	-0.0612892941819089	от	ад	від	z	INS	od	od	od	od	од	от
44	-0.0241269021321747	0.905080580322534	из	NA	з	NA	z	pre	iz	radi	radi	од	NA
45	-0.443285493758179	-0.098639302436051	от	ад	від	NA	INS	od	od	od	od	од	от
46	-0.443174475533403	-0.0985068616930121	от	ад	від	NA	INS	od	od	od	od	од	от
47	-0.444905492529365	-0.0763749972767725	от	ад	від	NA	NA	od	od	od	NA	од	от
48	-0.442311547625637	-0.0424266449843389	от	ад	від	z	NA	od	od	od	od	од	от
49	-0.441474628664048	-0.0614093966738388	от	ад	від	z	INS	od	od	od	od	од	от
51	-0.443216928154642	-0.0987537079496451	от	ад	від	NA	INS	od	od	od	od	од	от
52	-0.437161476047919	-0.077218862242134	от	ад	від	NA	NA	NA	od	od	od	од	от
53	-0.446101339135594	-0.0536900629580124	от	NA	від	z	INS	od	od	od	od	од	от
54	-0.159744133452997	0.681143665481131	из	NA	NA	z	z	z	iz	iz	iz	од	от
55	-0.442153242571454	-0.0426694963246022	от	ад	від	z	NA	od	od	od	od	од	от
56	-0.468744032330183	0.239138705915833	с	ад	з	z	NA	NA	od	od	od	од	от
57	0.96082720635103	0.403718903998836	по	з-за	через	z_powodu	díky	pre	po	zbog	NA	поради	заради
58	-0.441803459981914	-0.0613387954651577	от	ад	від	z	INS	od	od	od	od	од	от
67	-0.41049027179581	-0.0307448104960795	от	ад	від	z	NA	NA	NA	od	od	од	от
69	1.00749241776924	-0.152534380365894	с	ў	з	w	v	NA	v	u	u	в	NA
70	0.0605119591218219	0.783042277253579	из	з-за	з	z	z	z	NA	iz	iz	поради	от
76	-0.488116127182298	-0.237330515390842	от	ад	від	od	od	NA	od	od	od	од	от
77	-0.268371637962762	-0.397115250349076	из-за	ад	від	od	NA	od	od	od	od	поради	от
80	-0.41884079278964	-0.248703879154349	от	ад	NA	od	INS	od	od	INS	od	од	от
85	0.289394656764976	0.867716244324927	из	дзелйа	з	z	NA	NA	zaradi	zbog	iz	NA	за
88	0.783329882521939	0.175996154374344	из-за	ад	завдйаки	z_powodu	pro	NA	zaradi	zbog	zbog	поради	поради
90	-0.0577332580444614	0.717185585012706	из	з	через	z	z	z	iz	iz	iz	од	от
93	-0.441492663125426	-0.061346989945857	от	ад	від	z	INS	od	od	od	od	од	от
98	-0.435189014690358	-0.0567573331615393	от	ад	від	z	INS	NA	od	od	od	од	от
100	-0.169837427977039	0.737874223850652	из	ў	з	z	z	z	iz	iz	iz	од	от
107	-0.225665539062584	0.66778126784765	из	NA	з	z	NA	NA	iz	iz	iz	од	от
108	-0.44105115465369	-0.0886909819472033	от	NA	від	NA	INS	NA	od	od	od	од	от
109	0.676565090060132	0.109437868007949	от	NA	через	wskutek	na_základě	NA	zaradi	zbog	NA	заради	поради
123	-0.116495351153636	0.563124506999758	по	NA	з	z	NA	NA	iz	NA	zbog	од	от
127	-0.424872384276715	0.0655917153802111	от	NA	від	z	NA	z	od	od	od	од	от
132	0.179550063212766	1.01413737811889	из	NA	заради	z	z	NA	NA	za	za	за	заради
133	0.0488221501662848	0.617839336460426	из	NA	через	z	z	z	zaradi	iz	iz	од	от
134	-0.439220336794392	-0.0478343434576192	от	NA	від	z	INS	NA	od	od	od	од	от
137	0.000661937356371191	0.370241224916654	от	NA	через	z	z	NA	zaradi	od	iz	од	NA
142	-0.439361829088507	-0.0476878445578566	от	NA	від	z	INS	NA	od	od	od	од	от
143	-0.195247600471716	0.783329388995369	из	NA	з	z	NA	NA	iz	iz	iz	од	NA
151	-0.268915994894109	0.497819330277171	от	NA	з	z	z	NA	iz	NA	iz	од	от
152	-0.263759279852542	0.516758015055251	от	NA	з	z	z	NA	iz	INS	iz	од	от
153	0.0271925478826823	0.690318573143501	из	NA	через	przez	z	NA	iz	NA	iz	од	от
164	-0.438872019199428	-0.037181910575768	от	NA	від	z	INS	NA	od	od	NA	од	от
165	-0.461086607778975	-0.0496795709989926	от	NA	від	z	INS	NA	od	od	NA	од	NA
170	-0.182366820199539	0.689975386235011	из	NA	з	NA	z	NA	iz	iz	NA	од	от
171	-0.18244582165958	0.690067146725668	из	NA	з	NA	z	NA	iz	iz	NA	од	от
174	-0.461380137070655	-0.0498306559416941	от	NA	від	z	INS	NA	od	od	NA	од	NA
178	-0.406100280097062	0.417354802707173	с	NA	з	z	z	NA	od	od	NA	од	от
180	-0.320876025872608	0.545196483703024	с	NA	з	z	z	NA	iz	od	NA	од	от
189	-0.122275558290136	0.723389055525438	из	NA	з	przez	z	NA	iz	iz	NA	од	от
191	-0.409610136577808	-0.0314023084724595	от	NA	від	z	INS	NA	NA	od	NA	од	от
195	-0.429159782611684	-0.0344223587500744	от	NA	від	z	INS	NA	od	NA	NA	од	от
197	-0.196152034987662	0.784180459172031	из	NA	з	z	z	NA	NA	iz	NA	од	по
198	-0.43871611086734	-0.0372108922859917	от	NA	від	z	INS	NA	od	od	NA	од	от
200	-0.409588619030013	-0.0311744113264907	от	NA	від	z	INS	NA	NA	od	NA	од	от
201	-0.438892714499007	-0.0373367263081006	от	NA	від	z	INS	NA	od	od	NA	од	от
202	-0.20655482248745	0.597317039379851	из	NA	NA	z	z	NA	iz	iz	NA	од	от
209	-0.463147984546972	0.0852662440757052	от	NA	з	z	INS	od	od	od	od	од	от
213	-0.533416101041663	-0.184481450116886	от	NA	NA	INS	INS	NA	od	od	od	NA	от
214	-0.446678210587969	-0.00677069068759266	от	NA	NA	z	NA	od	od	od	od	од	от
217	-0.463061465873899	0.0851674653125197	от	NA	з	z	INS	od	od	od	od	од	от
223	-0.422610207000593	-0.026463507315539	от	NA	від	z	NA	od	NA	od	od	од	от
237	-0.515702800985511	0.0339064247251067	от	NA	від	z	v	NA	NA	od	od	NA	от
241	-0.449448178695502	-0.0748078718406018	от	NA	NA	NA	INS	od	od	od	od	од	от
246	-0.442090140713275	-0.0427010914120331	от	ад	від	z	NA	od	od	od	od	од	от
247	0.219939091653268	0.51660744838422	из-за	з	через	z	NA	z	iz	zbog	zbog	од	от
248	-0.441540288266609	-0.0612721253180056	от	ад	від	z	INS	od	od	od	od	од	от
249	-0.443144259391497	-0.0985968643784298	от	ад	від	NA	INS	od	od	od	od	од	от
250	-0.393601586811607	-0.368826905256412	с	з	з	NA	INS	od	od	od	od	од	от
251	-0.357910188090786	-0.54530843029344	от	ад	від	NA	sINS	v	v	u	u	од	от
252	0.868491739858768	0.520797248391445	из-за	з-за	через	NA	pro	NA	zavoljo	zbog	zbog	поради	заради
253	0.631844096388869	0.448853448663303	из-за	з-за	через	z_powodu	vinou	NA	NA	zbog	zbog	поради	от
254	0.789368512283038	0.687413436339862	из-за	з-за	через	NA	kvůli	pre	NA	radi	zbog	заради	заради
255	0.830091113165516	0.540467129579516	из-за	з-за	за	NA	kvůli	pre	zaradi	zbog	zbog	поради	заради
257	0.87556717741057	0.375127461415973	из-за	NA	через	wskutek	pro	pre	zaradi	NA	zbog	поради	поради
258	0.809485916364924	0.560828610306146	из-за	з-за	через	przez	kvůli	pre	zaradi	NA	zbog	поради	заради
259	0.407200402195099	0.214051943340431	из-за	NA	NA	NA	pro	pre	zaradi	NA	od	од	поради
260	0.857283283920845	0.409053834412211	из-за	NA	через	przez	pro	pre	zaradi	NA	zbog	поради	поради
261	0.522153708780789	0.277515407505899	из-за	ад	NA	z_powodu	pro	z	zaradi	NA	zbog	поради	от
263	0.817076372047059	0.592963002298585	из-за	праз	через	dla	kvůli	pre	zaradi	NA	zbog	поради	заради
264	0.811379752403067	0.57384184532046	из-за	праз	через	przez	kvůli	pre	zaradi	NA	zbog	поради	заради
266	-0.167583173369233	0.711232528906857	из	з	з	z	z	z	iz	NA	iz	од	от
267	0.776947984495235	0.665035855466744	из-за	праз	NA	przez	kvůli	pre	zaradi	NA	zbog	заради	заради
268	0.783321453481773	0.654006853363147	из-за	NA	NA	z_powodu	kvůli	pre	zaradi	NA	zbog	заради	заради
269	0.861478219523565	0.428425441183032	из-за	з-за	NA	ze_względu_na	NA	NA	zaradi	NA	zbog	поради	поради
270	0.866537846617002	0.441030263837998	из-за	NA	NA	ze_względu_na	kvůli	NA	zaradi	NA	zbog	поради	поради
273	0.819929641499714	0.604854547864321	из-за	з-за	через	przez	kvůli	pre	NA	NA	zbog	поради	заради
274	0.814242605814113	0.583880342639235	по	праз	через	przez	kvůli	pre	zaradi	NA	zbog	поради	заради
276	1.06980736915474	-0.218162661884098	по	па	INS	INS	podle	podľa	NA	NA	po	по	по
277	0.889354771739936	0.359953733917449	по	з-за	через	wskutek	pro	pre	zaradi	NA	zbog	поради	поради
278	-0.267002139906147	0.593604208513909	по	па	з	z	z	z	iz	NA	od	од	от
279	0.0491209064700107	0.91706059064318	по	па	з	przez	z	z	iz	NA	iz	од	по
281	-0.345138064535377	-0.0484044047504817	от	ад	від	z	INS	INS	NA	NA	od	од	от
282	-0.435672472632159	-0.0605944371298325	от	ад	від	z	INS	od	od	NA	od	од	от
283	-0.435446376046677	-0.060523766195716	от	ад	від	z	INS	od	od	NA	od	од	от
284	-0.456670094682676	-0.129940243536005	от	NA	від	NA	INS	od	od	NA	od	NA	от
285	-0.435792939704147	-0.0604976091444163	от	ад	від	z	INS	od	od	NA	od	од	от
286	-0.485110127560468	-0.243852616311467	от	ад	від	od	od	od	od	NA	od	од	от
287	-0.435699507249942	-0.0605984206583673	от	ад	від	z	INS	od	od	NA	od	од	от
288	-0.198414353499283	-0.0985035654151458	от	NA	від	pod_wpływem	NA	od	zaradi	NA	od	од	от
289	-0.109389250468357	-0.0789322331201016	от	ад	NA	pod_wpływem	pro	od	zaradi	NA	od	од	от
291	-0.510352544768651	-0.167702093714733	от	NA	INS	NA	INS	od	od	NA	od	од	от
292	-0.439899722300803	-0.0522066809753864	от	NA	від	z	INS	od	od	NA	od	од	от
294	-0.435429323924368	-0.0605617667173876	от	ад	від	z	INS	od	od	NA	od	од	от
295	-0.435440823021644	-0.0607914338461592	от	ад	від	z	INS	od	od	NA	od	од	от
296	-0.476316688222438	-0.154963282764783	от	ад	від	INS	NA	od	od	NA	od	од	от
298	-0.435492954557983	-0.0604585621806308	от	ад	від	z	INS	od	od	NA	od	од	от
299	-0.44311317322275	-0.4526005844916	от	ад	від	na	na	na	za	NA	od	од	от
300	-0.484831694877321	-0.243911704280187	от	ад	від	od	od	od	od	NA	od	од	от
301	-0.0822255711461764	-0.6480337096072	от	ад	від	przez	INS	INS	zaradi	NA	NA	со	с
302	-0.456792253044526	-0.173534224773215	от	NA	від	od	NA	od	od	NA	od	од	от
304	-0.478283983696664	-0.167582837453541	от	NA	від	INS	INS	od	od	NA	od	од	от
305	-0.267283670802264	-0.0732705461582768	от	NA	NA	NA	INS	od	zaradi	NA	od	од	от
306	-0.343519187878135	-0.262956266522459	от	ад	від	NA	INS	v	v	NA	od	од	от
307	-0.409314512025523	0.018584470056282	от	ад	від	z	NA	INS	od	NA	od	од	от
308	-0.435633969654899	-0.0607808961335238	от	ад	від	z	INS	od	od	NA	od	од	от
309	-0.413217216028073	-0.0551719627938418	от	ад	від	z	INS	od	NA	NA	od	од	от
310	-0.426893805370274	0.213670819805943	от	NA	з	pod_wpływem	NA	od	NA	NA	od	од	от
313	-0.373573512510917	-0.0760959322683765	от	ад	від	z	INS	INS	od	NA	od	од	от
315	-0.435467205533514	-0.0606331361304571	от	ад	від	z	INS	od	od	NA	od	од	от
316	-0.435495153496327	-0.0606598871016649	от	ад	від	z	INS	od	od	NA	od	од	от
318	-0.440015851024005	-0.0524531848671061	от	NA	від	z	INS	od	od	NA	od	од	от
319	-0.435576099268387	-0.0608088660591659	от	ад	від	z	INS	od	od	NA	od	од	от
320	-0.435655916532923	-0.0606561236769317	от	ад	від	z	INS	od	od	NA	od	од	от
321	-0.223607001119541	-0.243955204443564	от	ад	від	od	od	od	zaradi	NA	od	од	от
323	-0.438320925464337	-0.17780595810545	от	ад	NA	od	INS	od	od	NA	od	од	от
324	-0.435500489473284	-0.060799500833324	от	ад	від	z	INS	od	od	NA	od	од	от
326	-0.439711065902712	-0.052193643361978	от	NA	від	z	INS	od	od	NA	od	од	от
327	-0.484911928525818	-0.243790511986474	от	ад	від	od	od	od	od	NA	od	од	от
328	-0.382225532398928	-0.182792541182713	от	ад	від	od	INS	NA	NA	NA	od	од	от
330	-0.127159309235338	-0.129618765305324	от	ад	NA	od	pro	od	zaradi	NA	od	од	от
331	-0.43548796785943	-0.0606205349245662	от	ад	від	z	INS	od	od	NA	od	од	от
333	-0.256357849096439	-0.190670614270627	от	ад	від	na_skutek	INS	od	zaradi	NA	od	од	от
334	-0.150714420018437	0.24407518395877	от	з-за	від	z	z	z	zaradi	NA	od	од	от
337	-0.439667594335069	-0.0522429408284219	от	NA	від	z	INS	od	od	NA	od	од	от
338	-0.289607536025674	0.0253108278369533	от	NA	NA	z	INS	od	zaradi	NA	od	од	от
340	-0.449219808402777	-0.0839878253936169	от	ад	від	z	INS	od	od	NA	od	NA	от
341	-0.412523604196761	-0.278629270135631	от	NA	від	od	INS	INS	od	NA	od	од	от
343	-0.155262050123954	-0.0000207944459053014	от	ад	від	pod_wpływem	z	od	zaradi	NA	od	од	от
347	-0.2872607530986	-0.0811318529484166	от	ад	від	NA	NA	od	zaradi	NA	od	од	от
348	-0.277485890792583	-0.2090370166586	от	ад	від	od	INS	od	zaradi	NA	od	од	от
352	-0.222503495988636	0.0164099750380028	от	ад	від	NA	z	od	zaradi	NA	od	од	от
353	-0.382246385705294	-0.182770773011896	от	ад	від	od	INS	NA	NA	NA	od	од	от
355	-0.373509980702171	-0.0761389433079605	от	ад	від	z	INS	INS	od	NA	od	од	от
356	-0.50170289129512	-0.144144574175298	от	NA	від	INS	NA	od	od	NA	od	од	от
359	0.19028144644315	0.330308211467682	из-за	з-за	через	z	kvůli	pre	NA	zbog	od	од	от
360	0.611470529244172	0.558868766620105	из-за	з-за	через	z_powodu	kvůli	pre	NA	zbog	zbog	од	с
362	0.413877093377337	0.796392678640479	в_силу	з	NA	z	z	z	zaradi	NA	s	поради	по
363	0.290552185081442	0.381540211311984	в_силу	NA	завдйаки	dzięki	z	z	zaradi	NA	iz	од	от
366	0.9151663736073	0.306171754515272	по_причине	праз	через	wskutek	pro	pre	zaradi	NA	zbog	поради	поради
367	0.815285579163389	-0.000223148040325111	вследствие	ад	внаслідок	wskutek	NA	vzhľadom_na	zaradi	NA	usled	поради	поради
370	0.61527822350686	-0.524660335902671	благодарйа	дзйакуючы	завдйаки	przez	INS	NA	NA	zbog	putem	NA	заради
371	0.268541077884307	-0.941036785426652	благодарйа	дзйакуючы	NA	dzięki	INS	INS	sINS	INS	INS	со	NA
372	0.718581983262878	-0.519875754931007	благодарйа	дзйакуючы	завдйаки	NA	z	na_základe	sINS	NA	iz	NA	NA
373	0.157933010461688	-0.985700743869797	благодарйа	NA	NA	INS	INS	INS	NA	sINS	INS	со	с
374	0.31595410216916	-0.935579967472203	благодарйа	дзйакуючы	завдйаки	wskutek	INS	NA	sINS	INS	INS	со	чрез
375	0.335919399349663	-0.862387061099482	благодарйа	дзйакуючы	NA	w_wyniku	INS	INS	v	zbog	INS	низ	поради
376	0.675169081565778	-0.800653883521027	благодарйа	дзйакуючы	завдйаки	dzięki	díky	vďaka	NA	zahvaljujući	zahvaljujući	благодарение_на	благодарение_на
377	0.91269959196473	-0.00654907988584539	благодарйа	дзйакуючы	через	wskutek	pro	NA	zaradi	zbog	zbog	NA	поради
378	0.236440351399678	-0.95840545061222	благодарйа	дзйакуючы	NA	NA	INS	INS	sINS	INS	INS	со	с
379	0.722508546135997	-0.670902716664351	благодарйа	дзйакуючы	завдйаки	dzięki	díky	vďaka	zaradi	zbog	zahvaljujući	благодарение_на	благодарение_на
380	0.881325687353475	-0.431221550554619	благодарйа	дзйакуючы	завдйаки	poprzez	pro	NA	zaradi	kroz	kroz	низ	чрез
381	0.854142063275155	-0.674058568338779	благодарйа	дзйакуючы	завдйаки	za_sprawą	prostřednictvím	skrz	skozi	posredovanjem	kroz	низ	чрез
382	0.400468185810948	-0.869105544956536	благодарйа	праз	завдйаки	NA	INS	skrz	sINS	NA	zahvaljujući	NA	чрез
383	0.991917868037697	0.127918972850234	вследствие	з_прычыны	внаслідок	z_racji	pro	INS	NA	zbog	zbog	поради	поради
384	0.939085879496372	0.340448216770083	ввиду	з_прычыны	у_звйазку_з	z_powodu	kvůli	pre	zaradi	zbog	zbog	поради	поради
385	-0.10649478847969	0.835596734311671	в_силу	з	з	z	z	z	iz	iz	iz	од	NA
386	0.175342029192517	0.881158137379709	из	з	завдйаки	przez	z	z	iz	iz	uz_pomoć	со	от
387	0.601368012934513	-0.0947121130362002	в_силу	з_прычыны	завдйаки	przez	z	z	iz	INS	INS	со	от
390	0.929390422088885	-0.322749223153004	благодарйа	ў_выніку	через	NA	díky	NA	zahvaljujoč	zahvaljujući	zahvaljujući	поради	NA
391	0.675837049630909	-0.789163172642304	благодарйа	дзйакуючы	завдйаки	NA	NA	NA	zahvaljujoč	zahvaljujući	zahvaljujući	благодарение_на	NA
392	0.673363431220683	-0.796769579571116	благодарйа	дзйакуючы	завдйаки	NA	NA	vďaka	NA	zahvaljujući	zahvaljujući	благодарение_на	благодарение_на
393	0.516843113809951	-0.813734597847745	благодарйа	дзйакуючы	завдйаки	NA	INS	vďaka	sINS	zahvaljujući	zahvaljujući	благодарение_на	благодарение_на
394	0.698668705019516	-0.724619025253853	благодарйа	дзйакуючы	завдйаки	NA	zásluhou	vďaka	zaradi	zahvaljujući	zahvaljujući	благодарение_на	благодарение_на
395	0.621925227260939	-0.862544198710917	благодарйа	дзйакуючы	NA	NA	zásluhou	NA	zahvaljujoč	zahvaljujući	zahvaljujući	благодарение_на	NA
396	0.707155242810221	-0.702836857715488	благодарйа	дзйакуючы	завдйаки	NA	díky	NA	zaradi	zahvaljujući	zahvaljujući	благодарение_на	благодарение_на
397	1.04961650443422	0.029179359205163	в_результате	ў_выніку	внаслідок	NA	vlivem	v_dôsledku	spričo	zbog	NA	поради	поради
400	0.631624795690366	-0.235035902424033	благодарйа	дзйакуючы	завдйаки	NA	NA	NA	zaradi	zahvaljujući	zbog	поради	от
401	0.806303256456011	-0.605956862962304	благодарйа	дзйакуючы	через	dzięki	zásluhou	vďaka	po_zaslugi	zahvaljujući	zahvaljujući	поради	благодарение_на
402	0.644506011087037	-0.720280620724102	благодарйа	з-за	завдйаки	dzięki	z	NA	sINS	zahvaljujući	zahvaljujući	благодарение_на	с
405	-0.219192375638037	-0.907562564101863	вследствие	ад	внаслідок	wskutek	následkem	pod_vplyvom	NA	uslijed	od	NA	NA
406	0.957385925168906	0.29163877622155	вследствие	NA	через	w_związku_z	NA	NA	NA	zbog	zbog	поради	поради
408	1.06594892934632	0.131136558367429	в_силу	ў_выніку	з_оглйаду_на	w_związku_z	vzhledem_k	pre	na_podlagi	zbog	zbog	со_оглед_на	вследствие
409	-0.195812465692797	-0.946974907359792	под_влийанием	ад	від	pod_wpływem	NA	NA	iz	pod_utjecajem	pod_uticajem	под_влијание_на	под_въздействието_на
410	0.334902459471143	0.744684804047072	в_силу	з-за	від	z	NA	NA	iz	silom	pod_uticajem	поради	по_силата_на
414	0.650988954746403	-0.850259987262891	благодарйа	NA	NA	dzięki	díky	NA	NA	posredstvom	zahvaljujući	благодарение_на	благодарение_на
417	0.771808014072088	-0.668868900494322	благодарйа	NA	завдйаки	dzięki	díky	vďaka	NA	zahvaljujući	NA	заради	поради
418	0.640551533646216	-0.846660156043276	благодарйа	NA	завдйаки	dzięki	NA	vďaka	po_zaslugi	zaslugom	zahvaljujući	благодарение_на	благодарение_на
423	0.954818159217747	-0.411554654839329	благодарйа	NA	NA	przez	pomocí	INS	prek	preko	posredstvom	низ	NA
424	0.789763731913868	-0.371556582359911	благодарйа	NA	завдйаки	NA	z	z	po	INS	NA	NA	по
427	0.830343241082516	-0.464020623421359	благодарйа	NA	завдйаки	przez	díky	z	NA	NA	NA	со_помош_на	по
435	0.520091557676851	-0.938644585044805	благодарйа	NA	завдйаки	dzięki	s_pomocí	NA	sINS	putem	zahvaljujući	NA	с
436	0.674065803911315	-0.814776459585886	благодарйа	NA	завдйаки	dzięki	díky	vďaka	po_zaslugi	zahvaljujući	zahvaljujući	благодарение_на	благодарение_на
437	0.836364841794658	-0.519551746421857	благодарйа	NA	NA	przez	NA	z	spričo	NA	usled	благодарение_на	благодарение_на
439	0.674018218000965	-0.814720352450202	благодарйа	NA	завдйаки	dzięki	díky	vďaka	po_zaslugi	zahvaljujući	zahvaljujući	благодарение_на	благодарение_на
442	0.973769340536489	-0.496363840822141	благодарйа	NA	на_основі	NA	na_základě	podľa	po	kroz	NA	врз_основа_на	NA
445	0.961461215591873	0.237306321615292	по_причине	NA	через	z_przyczyny	vinou	pre	zaradi	zbog	usled	NA	NA
451	0.133343165640714	0.773574195059601	в_силу	NA	через	z	z	z	iz	iz	iz	од	поради
452	0.895580987794535	0.0822211719397859	в_силу	NA	з_оглйаду_на	na_mocy	z	z	NA	NA	iz	следствено	поради
456	-0.00532563181142009	-0.457875846015667	в_силу	NA	NA	z_powodu	INS	INS	NA	INS	NA	од	от
457	-0.0055507420938746	-0.458068590585219	в_силу	NA	NA	z_powodu	INS	INS	NA	INS	NA	од	от